<?xml version="1.0" encoding="UTF-8"?>
<!DOCTYPE mapper PUBLIC "-//mybatis.org//DTD Mapper 3.0//EN" "http://mybatis.org/dtd/mybatis-3-mapper.dtd">
<mapper namespace="com.example.dao.InrecordMapper">
  <resultMap id="BaseResultMap" type="com.example.entity.Inrecord">
    <result column="no" jdbcType="INTEGER" property="no" />
    <result column="Pname" jdbcType="VARCHAR" property="pname" />
    <result column="innum" jdbcType="INTEGER" property="innum" />
    <result column="intime" jdbcType="TIMESTAMP" property="intime" />
  </resultMap>
  <sql id="Base_Column_List">
    no, Pname, innum, intime
  </sql>
  <insert id="insert" parameterType="com.example.entity.Inrecord">
    insert into inrecord (no, Pname, innum,
      intime)
    values (#{no,jdbcType=INTEGER}, #{pname,jdbcType=VARCHAR}, #{innum,jdbcType=INTEGER},
      #{intime,jdbcType=TIMESTAMP})
  </insert>
  <select id="SelectAllIn" resultMap="BaseResultMap">
    select
    <include refid="Base_Column_List" />
    from inrecord
  </select>
</mapper>