<?xml version="1.0" encoding="UTF-8"?>
<!DOCTYPE mapper PUBLIC "-//mybatis.org//DTD Mapper 3.0//EN" "http://mybatis.org/dtd/mybatis-3-mapper.dtd">
<mapper namespace="com.example.dao.OutrecordMapper">
  <resultMap id="BaseResultMap" type="com.example.entity.Outrecord">
    <result column="no" jdbcType="INTEGER" property="no" />
    <result column="Pname" jdbcType="VARCHAR" property="pname" />
    <result column="outnum" jdbcType="INTEGER" property="outnum" />
    <result column="outtime" jdbcType="TIMESTAMP" property="outtime" />
  </resultMap>
  <sql id="Base_Column_List">
    no, Pname, outnum, outtime
  </sql>
  <insert id="insert" parameterType="com.example.entity.Outrecord">
    insert into outrecord (no, Pname, outnum,
      outtime)
    values(#{no,jdbcType=INTEGER}, #{pname,jdbcType=VARCHAR}, #{outnum,jdbcType=INTEGER},
      #{outtime,jdbcType=TIMESTAMP})
  </insert>
  <select id="SelectAllOut" resultMap="BaseResultMap">
    select
    <include refid="Base_Column_List" />
    from outrecord
  </select>
</mapper>