<?xml version="1.0" encoding="UTF-8"?>
<!DOCTYPE mapper PUBLIC "-//mybatis.org//DTD Mapper 3.0//EN" "http://mybatis.org/dtd/mybatis-3-mapper.dtd">
<mapper namespace="com.example.dao.PermsMapper">
  <resultMap id="BaseResultMap" type="com.example.entity.Perms">
    <result column="id" jdbcType="INTEGER" property="id" />
    <result column="perm" jdbcType="VARCHAR" property="perm" />
  </resultMap>
  <insert id="insert" parameterType="com.example.entity.Perms">
    insert into perms (id, perm)
    values (#{id,jdbcType=INTEGER}, #{perm,jdbcType=VARCHAR})
  </insert>
  <insert id="insertSelective" parameterType="com.example.entity.Perms">
    insert into perms
    <trim prefix="(" suffix=")" suffixOverrides=",">
      <if test="id != null">
        id,
      </if>
      <if test="perm != null">
        perm,
      </if>
    </trim>
    <trim prefix="values (" suffix=")" suffixOverrides=",">
      <if test="id != null">
        #{id,jdbcType=INTEGER},
      </if>
      <if test="perm != null">
        #{perm,jdbcType=VARCHAR},
      </if>
    </trim>
  </insert>
  <select id="getPermsbyId" parameterType="java.lang.Integer" resultMap="BaseResultMap">
    select
      *
    from perms
    where id = #{id,jdbcType=INTEGER}
  </select>
  <delete id="deletePermsbyId" parameterType="java.lang.Integer">
    delete from perms
    where id = #{id,jdbcType=INTEGER}
  </delete>
</mapper>