<?xml version="1.0" encoding="UTF-8"?>
<!DOCTYPE mapper PUBLIC "-//mybatis.org//DTD Mapper 3.0//EN" "http://mybatis.org/dtd/mybatis-3-mapper.dtd">
<mapper namespace="com.example.dao.ProductMapper">
  <resultMap id="BaseResultMap" type="com.example.entity.Product">
    <id column="no" jdbcType="INTEGER" property="no" />
    <result column="Pname" jdbcType="VARCHAR" property="pname" />
    <result column="PPrice" jdbcType="INTEGER" property="pprice" />
    <result column="stock" jdbcType="INTEGER" property="stock" />
    <result column="sales_volume" jdbcType="INTEGER" property="salesVolume" />
  </resultMap>
  <sql id="Base_Column_List">
    no, Pname, PPrice, stock, sales_volume
  </sql>
  <select id="SelectAllProduct" resultMap="BaseResultMap">
    select
    <include refid="Base_Column_List" />
    from product
  </select>
  <select id="SelectProductByname" parameterType="String" resultMap="BaseResultMap">
    select
    <include refid="Base_Column_List" />
    from product
    where Pname = #{pname,jdbcType=VARCHAR}
  </select>
  <select id="SelectProductBystock" parameterType="java.lang.Integer" resultMap="BaseResultMap">
    select
    <include refid="Base_Column_List" />
    from product
    where stock between #{stock1,jdbcType=INTEGER} and #{stock2,jdbcType=INTEGER}
  </select>
  <select id="SelectProductBysell" parameterType="java.lang.Integer" resultMap="BaseResultMap">
    select
    <include refid="Base_Column_List" />
    from product
    where PPrice between #{sell1,jdbcType=INTEGER} and #{sell2,jdbcType=INTEGER}
  </select>
  <select id="selectByPrimaryKey" parameterType="java.lang.Integer" resultMap="BaseResultMap">
    select 
    <include refid="Base_Column_List" />
    from product
    where no = #{no,jdbcType=INTEGER}
  </select>
  <select id="SelectbyPname" parameterType="String" resultMap="BaseResultMap">
    select
    <include refid="Base_Column_List" />
    from product
    where Pname = #{pname,jdbcType=VARCHAR}
  </select>
  <delete id="deleteByPrimaryKey" parameterType="java.lang.Integer">
    delete from product
    where no = #{no,jdbcType=INTEGER}
  </delete>
  <insert id="insert" parameterType="com.example.entity.Product">
    insert into product (no, Pname, PPrice, 
      stock, sales_volume)
    values (#{no,jdbcType=INTEGER}, #{pname,jdbcType=VARCHAR}, #{pprice,jdbcType=INTEGER}, 
      #{stock,jdbcType=INTEGER}, #{salesVolume,jdbcType=INTEGER})
  </insert>
  <insert id="insertSelective" parameterType="com.example.entity.Product">
    insert into product
    <trim prefix="(" suffix=")" suffixOverrides=",">
      <if test="no != null">
        no,
      </if>
      <if test="pname != null">
        Pname,
      </if>
      <if test="pprice != null">
        PPrice,
      </if>
      <if test="stock != null">
        stock,
      </if>
      <if test="salesVolume != null">
        sales_volume,
      </if>
    </trim>
    <trim prefix="values (" suffix=")" suffixOverrides=",">
      <if test="no != null">
        #{no,jdbcType=INTEGER},
      </if>
      <if test="pname != null">
        #{pname,jdbcType=VARCHAR},
      </if>
      <if test="pprice != null">
        #{pprice,jdbcType=INTEGER},
      </if>
      <if test="stock != null">
        #{stock,jdbcType=INTEGER},
      </if>
      <if test="salesVolume != null">
        #{salesVolume,jdbcType=INTEGER},
      </if>
    </trim>
  </insert>
  <update id="updateByPrimaryKeySelective" parameterType="com.example.entity.Product">
    update product
    <set>
      <if test="pname != null">
        Pname = #{pname,jdbcType=VARCHAR},
      </if>
      <if test="pprice != null">
        PPrice = #{pprice,jdbcType=INTEGER},
      </if>
      <if test="stock != null">
        stock = #{stock,jdbcType=INTEGER},
      </if>
      <if test="salesVolume != null">
        sales_volume = #{salesVolume,jdbcType=INTEGER},
      </if>
    </set>
    where no = #{no,jdbcType=INTEGER}
  </update>
  <update id="updateByPrimaryKey" parameterType="com.example.entity.Product">
    update product
    set Pname = #{pname,jdbcType=VARCHAR},
      PPrice = #{pprice,jdbcType=INTEGER},
      stock = #{stock,jdbcType=INTEGER},
      sales_volume = #{salesVolume,jdbcType=INTEGER}
    where no = #{no,jdbcType=INTEGER}
  </update>

  <update id="addStock" parameterType="java.lang.Integer">
    update product
    set
      stock = stock+#{add,jdbcType=INTEGER}
    where no = #{no,jdbcType=INTEGER}
  </update>
  <update id="sell" parameterType="java.lang.Integer">
    update product
    set
      stock = stock-#{sellNumber,jdbcType=INTEGER},
      sales_volume = sales_volume+#{sellNumber,jdbcType=INTEGER}
    where no = #{no,jdbcType=INTEGER}
  </update>
</mapper>