<?xml version="1.0" encoding="UTF-8"?>
<!DOCTYPE mapper PUBLIC "-//mybatis.org//DTD Mapper 3.0//EN" "http://mybatis.org/dtd/mybatis-3-mapper.dtd">
<mapper namespace="com.example.dao.UserMapper">
  <resultMap id="BaseResultMap" type="com.example.entity.User">
    <id column="id" jdbcType="INTEGER" property="id" />
    <result column="account" jdbcType="VARCHAR" property="account" />
    <result column="password" jdbcType="VARCHAR" property="password" />
  </resultMap>
  <sql id="Base_Column_List">
    id, account, password
  </sql>
  <select id="selectAllUser" resultMap="BaseResultMap">
    select
    <include refid="Base_Column_List" />
    from user
  </select>
  <select id="selectByPrimaryKey" parameterType="java.lang.Integer" resultMap="BaseResultMap">
    select 
    <include refid="Base_Column_List" />
    from user
    where id = #{id,jdbcType=INTEGER}
  </select>
  <select id="selectUserByUsername" parameterType="String" resultMap="BaseResultMap">
    select
    <include refid="Base_Column_List" />
    from user
    where account = #{account,jdbcType=VARCHAR}
  </select>
  <delete id="deleteByPrimaryKey" parameterType="java.lang.Integer">
    delete from user
    where id = #{id,jdbcType=INTEGER}
  </delete>
  <insert id="insert" parameterType="com.example.entity.User">
    insert into user (id, account, password
      )
    values (#{id,jdbcType=INTEGER}, #{account,jdbcType=VARCHAR}, #{password,jdbcType=VARCHAR}
      )
  </insert>
  <insert id="insertSelective" parameterType="com.example.entity.User">
    insert into user
    <trim prefix="(" suffix=")" suffixOverrides=",">
      <if test="id != null">
        id,
      </if>
      <if test="account != null">
        account,
      </if>
      <if test="password != null">
        password,
      </if>
    </trim>
    <trim prefix="values (" suffix=")" suffixOverrides=",">
      <if test="id != null">
        #{id,jdbcType=INTEGER},
      </if>
      <if test="account != null">
        #{account,jdbcType=VARCHAR},
      </if>
      <if test="password != null">
        #{password,jdbcType=VARCHAR},
      </if>
    </trim>
  </insert>
  <update id="updateByPrimaryKeySelective" parameterType="com.example.entity.User">
    update user
    <set>
      <if test="account != null">
        account = #{account,jdbcType=VARCHAR},
      </if>
      <if test="password != null">
        password = #{password,jdbcType=VARCHAR},
      </if>
    </set>
    where id = #{id,jdbcType=INTEGER}
  </update>
  <update id="updateByPrimaryKey" parameterType="com.example.entity.User">
    update user
    set account = #{account,jdbcType=VARCHAR},
      password = #{password,jdbcType=VARCHAR}
    where id = #{id,jdbcType=INTEGER}
  </update>
</mapper>